"","pbias","tbias","swbias","lwbias"
"1",0.896574347812618,-0.751084455858393,16.7401847154608,8.199269318723
"2",1.14541695638479,-0.306508363595525,4.09997412295658,-27.055507129063
"3",1.24805102647229,-0.950689232232399,12.8658062305519,-7.14376979434378
"4",0.875534667386229,2.12021653522345,-9.17846024577385,16.8559929118633
"5",1.74975636005587,0.176666073839735,-9.63196380691149,3.8131369519666
