"","cv","alpha","pbias","tbias"
"1",0.380882025871948,0.192457239187873,1.0973857978603,0.0288204388658156
"2",0.424510813107516,0.187780031266799,0.937946415188479,-0.564411959980937
"3",0.384000504690383,0.197430406770395,0.909742184324805,0.335420243024432
